episode,result,duration,kills,clicks,suns,gravebusters,potato_mines,ices,mowers,closest_approach,danger_near
1,WIN,241.2,241,411,22,6,0,0,0,0.62,7
2,WIN,231.7,243,370,34,12,0,0,0,2.97,0
3,WIN,226.2,230,397,29,8,0,0,0,0.85,5
4,WIN,230.7,230,390,31,6,0,0,0,0.60,10
5,WIN,214.8,223,367,21,7,0,0,0,2.14,0
6,WIN,219.3,222,385,32,10,0,0,0,2.05,0
7,WIN,234.0,235,387,39,12,0,0,0,0.97,2
8,WIN,209.4,216,345,24,9,0,0,0,2.75,0
9,WIN,223.7,227,382,24,9,0,0,0,1.99,0
10,WIN,230.0,237,389,29,8,0,0,0,0.93,3
11,WIN,222.6,230,396,20,5,0,0,0,1.97,0
12,WIN,235.3,236,407,36,9,0,0,0,1.74,0
13,WIN,221.4,225,357,30,10,0,0,0,1.98,0
14,WIN,220.7,224,357,36,9,0,0,0,0.90,3
15,WIN,213.6,219,358,21,7,0,0,0,0.64,12
16,WIN,217.6,216,342,35,10,0,0,0,0.97,2
17,WIN,227.6,235,337,25,8,0,0,0,0.86,4
18,WIN,230.2,236,393,30,9,0,0,0,0.87,5
19,WIN,244.9,248,427,24,8,0,0,0,0.86,9
20,WIN,225.9,232,399,28,9,0,0,0,2.17,0
21,WIN,238.8,242,425,33,9,0,0,0,0.91,1
22,WIN,237.8,245,414,22,8,0,0,0,1.95,0
23,WIN,225.0,232,396,21,8,0,0,0,0.81,1
24,WIN,228.4,232,373,29,10,0,0,0,0.92,2
25,WIN,227.4,228,392,24,9,0,0,0,0.78,3
26,WIN,224.2,228,388,28,10,0,0,0,1.93,0
27,WIN,220.9,222,372,19,7,0,0,0,2.98,0
28,WIN,211.4,214,339,31,9,0,0,0,1.00,1
29,WIN,223.6,225,398,26,10,0,0,0,0.90,1
30,WIN,225.0,225,388,29,7,0,0,0,0.87,6
31,WIN,208.9,217,360,14,4,0,0,0,1.84,0
32,WIN,238.3,240,431,21,6,0,0,0,2.23,0
33,WIN,218.1,228,360,23,8,0,0,0,0.88,4
34,WIN,217.6,216,374,16,4,0,0,0,0.69,2
35,WIN,238.9,243,403,20,6,0,0,0,0.93,1
36,WIN,217.4,217,357,20,8,0,0,0,1.87,0
37,WIN,220.3,223,372,20,4,0,0,0,-0.00,19
38,WIN,215.6,221,362,28,10,0,0,0,0.68,6
39,WIN,238.3,240,392,33,9,0,0,0,1.26,0
40,WIN,239.9,248,401,24,9,0,0,0,0.60,3
41,WIN,205.5,217,334,14,6,0,0,0,0.96,1
42,WIN,230.6,240,373,33,8,0,0,0,0.98,1
43,WIN,227.7,231,392,38,8,0,0,0,1.96,0
44,WIN,229.4,230,369,15,6,0,0,0,0.81,8
45,WIN,234.1,239,392,25,8,0,0,0,0.96,2
46,WIN,217.9,222,370,25,7,0,0,0,2.89,0
47,WIN,214.6,226,355,24,9,0,0,0,0.91,3
48,WIN,225.4,228,389,16,6,0,0,0,0.35,7
49,WIN,217.6,215,360,22,9,0,0,0,0.93,3
50,WIN,218.1,227,379,17,6,0,0,0,0.97,2
51,WIN,240.9,240,425,30,10,0,0,0,2.19,0
52,WIN,239.1,249,427,28,9,0,0,0,0.89,4
53,WIN,234.2,235,398,20,6,0,0,0,1.65,0
54,WIN,218.5,226,376,20,6,0,0,0,1.97,0
55,WIN,211.6,220,345,21,8,0,0,0,0.72,10
56,WIN,227.4,227,375,22,9,0,0,0,0.93,1
57,WIN,212.0,219,352,26,8,0,0,0,0.71,9
58,WIN,235.7,248,395,23,9,0,0,0,1.74,0
59,WIN,220.0,230,384,22,7,0,0,0,1.00,1
60,WIN,231.2,226,392,26,9,0,0,0,0.96,2
61,WIN,210.6,216,362,19,6,0,0,0,1.67,0
62,WIN,233.9,239,415,24,9,0,0,0,1.95,0
63,WIN,220.0,223,358,22,8,0,0,0,0.84,9
64,WIN,225.4,224,399,21,7,0,0,0,0.75,6
65,WIN,223.5,232,381,23,9,0,0,0,0.96,1
66,WIN,216.9,227,391,23,5,0,0,0,2.00,0
67,WIN,220.2,222,376,34,9,0,0,0,0.07,20
68,WIN,229.2,227,401,29,8,0,0,0,2.18,0
69,WIN,241.7,238,438,24,8,0,0,0,0.33,12
70,WIN,214.8,221,355,25,6,0,0,0,1.79,0
71,WIN,220.5,232,383,30,8,0,0,0,1.72,0
72,WIN,226.5,224,391,16,6,0,0,0,0.84,3
73,WIN,211.5,221,369,28,8,0,0,0,0.98,1
74,WIN,219.5,223,364,33,8,0,0,0,1.89,0
75,WIN,239.0,243,413,34,10,0,0,0,1.88,0
76,WIN,232.7,237,384,27,9,0,0,0,0.98,1
77,WIN,235.2,240,393,23,6,0,0,0,0.92,2
78,WIN,207.4,221,348,24,9,0,0,0,0.85,5
79,WIN,240.0,245,381,35,10,0,0,0,1.95,0
80,WIN,240.7,246,397,28,8,0,0,0,1.81,0
81,WIN,230.7,240,405,17,4,0,0,0,0.99,1
82,WIN,222.9,228,357,18,7,0,0,0,1.75,0
83,WIN,222.1,224,364,17,6,0,0,0,0.88,1
84,WIN,221.3,226,402,18,7,0,0,0,0.90,4
85,WIN,219.2,222,366,22,7,0,0,0,0.83,6
86,WIN,218.6,218,362,19,7,0,0,0,1.87,0
87,WIN,210.1,219,350,21,8,0,0,0,2.97,0
88,WIN,221.2,227,362,18,7,0,0,0,1.42,0
89,WIN,217.1,219,360,25,9,0,0,0,0.75,4
90,WIN,225.3,225,394,23,8,0,0,0,1.61,0
91,WIN,235.5,233,401,26,9,0,0,0,0.94,2
92,WIN,214.1,218,379,16,6,0,0,0,0.85,9
93,WIN,210.5,220,368,21,6,0,0,0,0.96,3
94,WIN,223.6,228,369,20,6,0,0,0,0.91,2
95,WIN,244.2,243,410,29,7,0,0,0,0.76,7
96,WIN,236.4,235,404,28,8,0,0,0,0.91,2
97,WIN,224.4,230,363,31,8,0,0,0,3.10,0
98,WIN,207.0,218,352,22,8,0,0,0,1.93,0
99,WIN,234.4,238,394,30,9,0,0,0,2.96,0
100,WIN,240.2,243,411,24,7,0,0,0,0.87,1
101,WIN,235.2,241,380,22,5,0,0,0,1.30,0
102,WIN,227.9,232,384,25,9,0,0,0,3.02,0
103,WIN,216.6,224,349,27,8,0,0,0,1.90,0
104,WIN,237.5,239,396,26,8,0,0,0,0.96,4
105,WIN,234.3,241,392,23,8,0,0,0,1.93,0
106,WIN,230.9,239,395,27,9,0,0,0,0.80,13
107,WIN,210.3,217,381,23,7,0,0,0,2.22,0
108,WIN,234.7,233,397,23,8,0,0,0,0.87,6
109,WIN,212.1,213,337,22,8,0,0,0,1.98,0
110,WIN,216.7,225,383,26,9,0,0,0,0.92,1
111,WIN,208.8,219,345,20,5,0,0,0,1.93,0
112,WIN,244.5,246,429,30,7,0,0,0,1.32,0
113,WIN,227.8,229,381,20,8,0,0,0,0.72,4
114,WIN,215.5,223,355,23,6,0,0,0,2.90,0
115,WIN,236.0,241,364,28,9,0,0,0,1.85,0
116,WIN,220.0,227,398,24,7,0,0,0,2.20,0
117,WIN,212.4,220,347,21,7,0,0,0,2.45,0
118,WIN,240.8,247,417,19,7,0,0,0,0.82,3
119,WIN,223.5,230,391,22,5,0,0,0,0.84,1
120,WIN,212.0,218,377,23,8,0,0,0,0.89,3
121,WIN,228.5,233,387,34,11,0,0,0,1.73,0
122,WIN,219.4,223,378,23,8,0,0,0,0.91,3
123,WIN,215.0,218,343,36,10,0,0,0,0.89,4
124,WIN,240.8,245,397,16,5,0,0,0,0.87,6
125,WIN,236.4,247,415,26,9,0,0,0,3.22,0
126,WIN,220.7,219,393,19,8,0,0,0,2.55,0
127,WIN,236.8,248,404,42,11,0,0,0,0.93,4
128,WIN,234.3,236,411,22,6,0,0,0,0.40,7
129,WIN,235.4,245,396,31,11,0,0,0,0.88,3
130,WIN,245.5,245,427,19,7,0,0,0,0.86,1
131,WIN,225.9,234,383,21,7,0,0,0,0.93,2
132,WIN,224.0,225,387,26,8,0,0,0,1.89,0
133,WIN,240.6,245,411,26,10,0,0,0,0.85,4
134,WIN,223.1,227,370,42,11,0,0,0,0.98,1
135,WIN,225.8,230,366,23,7,0,0,0,0.89,5
136,WIN,227.5,228,385,27,9,0,0,0,1.96,0
137,WIN,235.7,236,416,32,8,0,0,0,1.20,0
138,WIN,232.6,231,422,28,8,0,0,0,0.92,1
139,WIN,232.6,234,408,32,10,0,0,0,0.15,27
140,WIN,225.1,233,389,27,10,0,0,0,1.95,0
141,WIN,224.6,229,394,10,4,0,0,0,0.65,8
142,WIN,236.0,240,406,28,8,0,0,0,0.95,1
143,WIN,242.8,243,420,23,5,0,0,0,0.66,5
144,WIN,241.9,241,411,35,11,0,0,0,0.83,7
145,WIN,228.8,234,387,23,8,0,0,0,2.05,0
146,WIN,234.3,238,401,38,12,0,0,0,1.58,0
147,WIN,222.6,230,381,25,9,0,0,0,1.72,0
148,WIN,226.3,226,372,34,10,0,0,0,0.89,4
149,WIN,223.5,235,377,29,8,0,0,0,1.96,0
150,WIN,211.3,224,333,30,11,0,0,0,3.51,0
