episode,step,result,reward,duration,kills,kills_zombie,kills_cone,kills_bucket,clicks,suns_collected,gravebusters,potato_mines,ices,mowers_used
1,222,LOSS,-28.40,69.8,21,16,3,2,28,2,0,3,1,1
2,466,LOSS,-41.55,76.5,22,18,2,2,29,6,0,3,2,3
3,775,LOSS,-56.15,100.7,31,26,3,2,41,11,2,3,2,5
4,1073,LOSS,-52.85,110.6,53,38,10,5,78,10,1,3,3,5
5,1453,LOSS,-65.45,175.2,124,75,27,22,205,33,7,5,3,5
6,1809,LOSS,-27.05,172.0,125,90,25,10,180,34,6,6,4,2
7,2229,LOSS,-53.75,211.4,158,100,34,24,271,36,7,6,3,4
8,2683,LOSS,-56.70,215.5,165,105,45,15,264,46,10,7,4,4
9,3178,WIN,3.50,233.9,201,138,41,22,311,35,6,7,3,3
10,3700,WIN,-4.35,254.2,215,141,53,21,340,46,10,7,4,2
11,4067,LOSS,-46.90,182.4,148,100,28,20,228,32,6,6,4,4
12,4451,LOSS,-30.15,173.6,134,85,32,17,214,30,7,5,3,1
13,4923,WIN,0.25,235.5,190,120,44,26,319,55,11,7,6,3
14,5241,LOSS,-25.65,148.4,110,77,21,12,165,24,7,4,1,1
15,5583,LOSS,-36.65,160.3,121,89,23,9,187,33,9,5,1,2
16,6032,WIN,-24.25,227.7,194,113,56,25,320,45,8,7,6,4
17,6486,LOSS,-48.40,214.1,166,111,33,22,258,41,11,6,2,4
18,6862,LOSS,-26.30,176.3,148,93,44,11,235,26,6,5,2,2
19,7262,LOSS,-33.85,186.7,140,105,16,19,209,38,9,6,3,2
20,7683,LOSS,-22.45,206.1,187,112,44,31,301,34,8,6,2,1
21,8108,LOSS,-37.40,197.7,154,105,32,17,246,59,7,6,5,2
22,8526,LOSS,-51.60,196.0,153,93,35,25,263,33,7,5,4,4
23,8996,WIN,1.75,218.6,199,139,41,19,286,49,10,6,4,2
24,9293,LOSS,-15.85,136.7,96,66,17,13,144,37,7,4,3,1
25,9760,LOSS,-26.70,229.1,204,137,43,24,321,53,11,6,5,1
26,10181,LOSS,-26.45,207.5,173,114,39,20,255,52,12,6,4,1
27,10661,LOSS,-42.25,226.8,189,114,56,19,305,37,7,7,4,4
28,11037,LOSS,-23.50,179.4,142,103,28,11,220,41,9,4,5,2
29,11382,LOSS,-30.10,158.9,122,79,24,19,195,27,5,4,4,2
30,11785,LOSS,-32.15,179.3,142,104,28,10,203,35,9,5,2,2
31,12195,LOSS,-33.50,199.1,166,110,40,16,266,34,8,6,3,3
32,12671,WIN,-5.65,225.4,199,121,56,22,322,44,8,7,5,4
33,13025,LOSS,-37.25,149.9,94,59,24,11,150,27,6,5,2,3
34,13505,LOSS,-40.10,222.2,190,116,45,29,321,37,7,7,4,3
35,13888,LOSS,-27.70,179.3,137,102,24,11,212,37,8,5,4,1
36,14271,LOSS,-38.30,197.9,164,103,43,18,263,47,12,6,3,2
37,14764,WIN,2.95,238.1,204,136,45,23,332,40,7,6,6,3
38,15194,WIN,-11.80,215.7,178,108,45,25,290,43,10,5,4,4
39,15638,LOSS,-34.60,218.1,169,115,32,22,276,45,9,7,5,3
40,16223,WIN,-3.75,249.2,181,114,39,28,281,44,10,7,4,4
41,16716,LOSS,-39.40,234.8,183,118,43,22,300,46,11,6,4,3
42,17077,LOSS,-52.20,172.8,119,82,24,13,183,43,9,5,5,4
43,17539,LOSS,-27.30,222.9,175,112,43,20,299,41,9,6,4,2
44,18003,LOSS,-28.60,224.9,194,120,48,26,314,43,9,6,4,2
45,18300,LOSS,-26.80,117.4,73,61,10,2,98,24,5,4,2,2
46,18815,WIN,11.90,246.8,226,156,36,34,336,45,9,6,5,2
47,19181,LOSS,-18.25,170.1,127,85,24,18,199,45,10,5,3,1
48,19643,LOSS,-24.30,221.5,189,126,44,19,291,51,11,7,4,1
49,20037,LOSS,-38.40,193.1,154,98,37,19,255,28,5,6,3,3
50,20362,LOSS,-22.40,152.3,120,81,26,13,171,39,9,4,3,1
51,20799,LOSS,-17.15,198.2,169,119,34,16,260,34,8,6,3,1
52,21210,WIN,-9.35,202.9,179,112,46,21,289,37,7,6,5,3
53,21591,LOSS,-16.60,172.3,145,107,26,12,210,26,6,5,2,1
54,21927,LOSS,-28.60,151.6,108,75,21,12,159,28,6,5,3,2
55,22339,LOSS,-35.90,210.8,181,111,46,24,294,48,9,6,6,3
56,22756,LOSS,-30.20,193.2,163,105,38,20,254,28,7,5,2,2
57,23246,WIN,-11.20,226.8,187,133,42,12,262,55,12,7,5,3
58,23740,WIN,-11.05,237.8,204,136,44,24,314,55,13,5,4,4
59,24168,LOSS,-48.55,209.6,178,113,33,32,296,44,9,6,5,4
60,24652,WIN,-11.55,237.4,207,133,43,31,327,48,10,7,5,4
61,25087,LOSS,-30.10,207.6,178,120,46,12,257,40,8,6,5,3
62,25466,LOSS,-24.25,175.5,132,89,27,16,200,36,8,6,3,2
63,25969,WIN,8.30,246.2,216,137,52,27,341,60,10,7,7,2
64,26322,LOSS,-15.15,162.9,120,88,24,8,172,38,8,5,3,1
65,26821,WIN,-7.20,230.5,190,128,42,20,288,39,8,6,4,4
66,27315,WIN,12.80,236.0,215,141,53,21,329,46,10,6,5,1
67,27740,LOSS,-13.05,198.3,172,122,34,16,255,45,10,5,4,1
68,28120,LOSS,-22.70,165.8,116,81,22,13,171,30,8,5,2,2
69,28416,LOSS,-18.10,123.5,84,60,19,5,121,28,5,4,3,1
70,28877,WIN,2.30,224.9,200,128,50,22,314,49,11,7,4,3
71,29238,LOSS,-14.10,170.9,138,93,29,16,217,31,8,5,2,1
72,29712,LOSS,-40.55,231.9,198,128,45,25,317,45,8,7,5,3
73,30115,WIN,-14.80,205.4,176,116,39,21,274,41,9,5,4,4
74,30569,LOSS,-29.10,220.1,192,106,54,32,336,46,10,6,4,1
75,31009,WIN,-11.95,212.2,171,106,44,21,289,39,8,6,5,4
76,31391,LOSS,-22.05,173.8,134,84,34,16,209,28,6,5,3,1
77,31739,LOSS,-32.20,155.7,114,87,21,6,157,36,8,5,2,2
78,32222,WIN,-6.80,223.9,188,131,37,20,293,61,12,6,5,4
79,32684,WIN,-9.60,214.3,184,125,38,21,278,30,6,6,3,4
80,33124,WIN,0.90,214.6,192,118,41,33,322,40,7,6,4,2
81,33573,LOSS,-40.95,214.2,164,100,45,19,275,40,9,5,4,3
82,34077,WIN,-8.55,230.2,181,120,37,24,309,48,10,7,5,4
83,34410,LOSS,-16.15,150.4,93,65,14,14,147,35,8,5,3,1
84,34892,WIN,-17.55,230.7,189,119,46,24,322,31,7,5,3,4
85,35306,LOSS,-45.80,205.2,167,104,46,17,289,42,8,6,5,3
86,35743,LOSS,-12.00,182.3,132,103,15,14,186,32,8,5,2,1
87,36264,WIN,-9.30,232.9,182,121,36,25,291,40,8,6,4,4
88,36746,LOSS,-37.00,230.7,204,127,52,25,316,43,9,6,4,3
89,37201,WIN,1.05,222.9,195,126,44,25,299,47,11,5,4,2
90,37657,LOSS,-18.45,204.4,162,103,41,18,252,44,10,6,4,1
91,38093,WIN,-3.00,217.0,193,121,49,23,304,41,10,5,4,3
92,38539,LOSS,-53.50,221.7,210,130,54,26,331,38,6,6,5,3
93,39052,WIN,-11.80,237.6,170,110,36,24,285,43,9,7,4,4
94,39445,LOSS,-19.80,186.2,155,99,36,20,247,29,5,6,3,1
95,39876,LOSS,-33.55,209.9,195,134,45,16,301,32,6,5,4,2
96,40288,LOSS,-34.05,208.0,181,122,40,19,277,47,10,6,5,2
97,40749,WIN,4.50,225.1,207,129,55,23,342,53,8,6,5,2
98,41191,WIN,-2.15,215.9,193,128,43,22,306,44,9,6,4,3
99,41686,WIN,18.20,233.8,228,156,53,19,345,45,8,7,4,0
100,42212,WIN,20.65,258.0,237,148,56,33,400,79,14,5,5,1
101,42727,WIN,8.65,246.2,221,135,57,29,369,54,9,6,4,2
102,43241,WIN,24.00,246.3,227,149,46,32,368,62,11,5,5,0
103,43626,LOSS,-21.65,190.8,179,127,30,22,273,33,7,5,3,1
104,44070,WIN,1.80,214.6,186,124,33,29,306,45,10,5,4,3
105,44452,LOSS,-23.20,191.3,148,92,35,21,243,50,12,6,3,1
106,44954,WIN,-0.90,239.6,220,143,53,24,341,43,8,5,5,3
107,45466,WIN,22.65,252.3,238,156,50,32,381,52,9,6,4,0
108,45921,WIN,-21.05,222.1,193,118,58,17,317,42,8,6,5,4
109,46415,WIN,11.65,237.0,220,139,48,33,370,45,9,5,5,2
110,46722,LOSS,-18.20,129.1,87,63,16,8,129,36,7,4,2,1
111,47120,LOSS,-23.05,179.3,134,95,26,13,211,34,9,6,2,2
112,47603,WIN,5.85,241.6,232,128,59,45,401,52,7,5,5,1
113,47894,LOSS,-25.35,118.2,78,64,9,5,101,19,4,4,2,2
114,48426,WIN,6.10,253.5,232,152,49,31,384,70,9,6,5,2
115,48926,WIN,5.10,239.1,215,141,49,25,344,33,5,6,4,2
116,49358,LOSS,-22.70,205.1,180,134,28,18,258,46,8,6,3,1
117,49790,WIN,12.70,212.6,203,135,38,30,326,32,4,4,4,1
118,50201,LOSS,-72.20,200.7,190,122,48,20,292,30,7,5,3,3
119,50545,LOSS,-20.95,155.9,120,73,34,13,201,22,5,5,1,1
120,50987,WIN,-4.85,218.6,199,115,56,28,332,50,9,6,4,3
121,51429,WIN,-4.55,215.2,188,122,48,18,291,40,6,5,5,3
122,51821,LOSS,-21.40,178.2,139,99,22,18,223,50,8,5,4,2
123,52297,LOSS,-36.05,224.4,203,119,55,29,349,33,6,6,4,2
124,52791,WIN,23.35,237.7,227,154,49,24,339,44,7,7,4,0
125,53242,WIN,-7.35,216.5,202,134,44,24,320,29,7,5,3,3
126,53627,LOSS,-27.85,171.9,134,89,29,16,224,24,5,5,2,2
127,54057,LOSS,-23.90,210.0,187,113,48,26,292,42,8,5,5,1
128,54525,WIN,-7.35,224.5,199,118,57,24,332,42,5,5,4,3
129,54977,WIN,-7.40,220.1,206,131,51,24,330,28,6,6,2,3
130,55486,WIN,28.30,254.6,244,139,71,34,403,58,9,6,5,0
131,55971,WIN,-2.70,231.7,212,135,53,24,353,48,8,6,6,3
132,56450,WIN,15.20,227.7,217,125,56,36,369,48,4,5,4,0
133,56938,WIN,-2.60,234.2,226,138,56,32,373,27,4,7,4,2
134,57363,WIN,15.15,215.6,213,126,56,31,339,44,8,4,2,1
135,57814,WIN,12.25,224.0,221,132,57,32,358,49,9,5,4,1
136,58318,WIN,32.95,243.3,238,152,53,33,366,76,9,4,4,0
137,58829,WIN,25.20,254.0,234,137,58,39,395,61,9,6,4,1
138,59302,WIN,16.40,227.3,229,133,63,33,365,49,5,5,3,0
139,59785,WIN,11.05,232.5,225,146,55,24,357,41,9,5,5,1
140,60259,WIN,4.70,234.6,206,130,45,31,349,49,9,7,3,3
141,60700,LOSS,-34.35,212.4,175,116,38,21,287,45,10,5,4,3
142,61230,WIN,35.10,254.4,241,144,67,30,393,84,10,6,4,0
143,61721,WIN,30.65,246.6,241,143,62,36,391,65,6,6,4,0
144,62196,WIN,11.25,229.1,222,134,63,25,359,43,7,4,3,1
145,62667,WIN,24.20,221.4,217,143,53,21,337,55,7,4,2,0
146,63150,WIN,23.55,233.1,235,137,69,29,378,46,8,4,2,0
147,63641,WIN,6.60,244.2,231,134,56,41,409,49,7,4,2,1
148,64119,LOSS,-40.80,231.0,210,129,46,35,353,31,7,6,3,2
149,64580,WIN,26.40,231.9,217,138,53,26,350,48,8,5,4,0
150,65067,WIN,36.10,244.0,231,143,58,30,370,63,7,5,4,0
151,65566,WIN,10.50,247.3,234,147,59,28,368,45,5,6,3,0
152,66046,WIN,25.00,232.8,230,134,57,39,383,51,5,5,3,0
153,66337,LOSS,-17.05,124.8,82,61,15,6,119,31,9,4,1,1
154,66812,WIN,18.80,241.6,236,147,49,40,383,43,5,6,4,0
155,67292,WIN,5.20,234.0,225,147,52,26,352,40,7,6,5,2
156,67751,WIN,5.85,221.4,205,126,53,26,326,48,10,6,4,3
157,68219,WIN,-10.40,227.9,204,131,51,22,317,32,8,7,2,5
158,68656,WIN,18.30,206.7,193,120,47,26,309,68,9,4,3,1
159,69107,WIN,6.90,226.5,210,130,43,37,338,42,8,6,5,2
160,69573,WIN,14.45,227.7,223,140,56,27,364,37,5,4,3,0
161,70083,WIN,29.60,254.9,238,146,57,35,391,69,8,6,4,0
162,70612,WIN,0.45,247.8,219,150,47,22,339,43,9,7,4,3
163,71047,WIN,-12.75,217.4,177,109,42,26,303,53,12,6,4,5
164,71511,WIN,-23.10,226.7,210,130,56,24,336,41,6,7,3,5
165,71982,WIN,2.20,226.3,207,137,37,33,329,48,9,6,4,3
166,72490,LOSS,-39.50,247.3,217,128,57,32,378,49,11,6,4,3
167,72974,WIN,17.35,239.3,226,147,42,37,377,34,3,6,5,0
168,73413,WIN,-4.95,213.6,199,130,48,21,301,44,11,5,3,3
169,73862,WIN,1.85,215.1,195,136,34,25,313,48,6,6,5,2
170,74326,WIN,15.40,225.7,217,132,50,35,362,39,6,5,4,0
171,74845,LOSS,-37.80,246.7,210,125,48,37,352,32,6,5,5,3
172,75204,LOSS,-14.25,165.2,137,87,33,17,219,35,9,5,2,1
173,75699,WIN,21.40,245.4,233,147,56,30,381,64,8,4,4,0
174,76217,WIN,23.10,246.4,238,150,55,33,386,44,7,7,3,0
175,76673,WIN,10.65,226.7,222,144,53,25,350,45,7,6,3,1
176,77135,WIN,13.80,228.2,213,129,64,20,345,38,6,6,4,1
177,77615,WIN,22.80,237.8,229,134,55,40,403,46,5,5,4,0
178,78044,WIN,-9.75,209.7,198,126,51,21,304,33,7,6,3,3
179,78499,WIN,35.00,227.8,215,136,59,20,329,82,9,5,4,0
180,78979,WIN,13.40,227.5,202,127,47,28,314,48,10,6,3,1
181,79379,LOSS,-22.40,180.2,152,98,38,16,231,28,6,5,3,2
182,79883,WIN,22.60,248.8,244,161,54,29,379,58,8,5,5,0
183,80414,WIN,24.15,253.5,239,153,51,35,407,49,6,4,4,0
184,80869,WIN,22.80,224.1,224,136,57,31,364,57,6,5,4,0
185,81365,WIN,24.25,241.2,241,145,62,34,386,58,9,5,5,0
186,81882,WIN,27.90,247.6,241,146,65,30,389,72,11,4,4,0
187,82337,WIN,13.20,221.2,216,141,53,22,336,46,5,6,2,1
188,82773,LOSS,-34.70,217.8,187,117,46,24,312,44,10,6,4,2
189,83214,WIN,1.30,222.0,214,122,60,32,363,43,9,5,4,1
190,83584,LOSS,-32.00,170.5,135,91,28,16,216,33,9,4,2,3
191,84019,WIN,17.70,224.2,218,127,59,32,351,53,7,4,4,0
192,84418,LOSS,-22.40,187.8,145,95,34,16,241,43,11,5,3,2
193,84904,WIN,19.20,238.2,234,133,65,36,388,41,7,6,4,0
194,85379,WIN,16.05,229.8,214,131,59,24,341,51,9,5,3,2
195,85859,WIN,20.25,237.4,222,127,66,29,368,38,4,6,4,0
196,86212,LOSS,-9.70,163.1,131,92,20,19,203,52,8,4,3,1
197,86666,WIN,0.55,233.4,223,141,53,29,342,55,8,7,6,2
198,87154,WIN,-16.60,235.8,217,129,63,25,359,28,6,7,3,4
199,87503,LOSS,-30.10,154.2,116,82,21,13,173,27,6,5,2,1
200,87971,WIN,-4.70,221.0,204,136,47,21,316,48,6,6,3,3
201,88473,WIN,3.90,247.3,217,131,49,37,367,49,9,7,5,1
202,88900,LOSS,-40.75,211.1,175,110,41,24,288,40,8,6,4,3
203,89335,LOSS,-27.65,215.7,184,117,42,25,301,43,6,6,5,2
204,89821,WIN,3.70,240.9,222,127,63,32,369,60,8,7,4,2
205,90299,WIN,22.50,234.9,226,137,52,37,370,60,9,5,4,0
206,90761,WIN,11.85,224.1,215,142,47,26,334,45,9,6,4,1
207,91270,WIN,21.95,252.7,236,142,59,35,416,57,9,5,5,0
208,91713,WIN,-7.55,211.8,185,120,40,25,283,34,7,7,4,4
209,92216,WIN,13.85,241.9,225,139,56,30,377,50,8,5,4,1
210,92680,WIN,-4.95,230.2,211,124,65,22,334,45,9,7,3,2
211,93156,WIN,10.85,239.1,222,125,57,40,387,49,7,6,3,1
212,93636,WIN,20.50,237.6,228,141,58,29,354,62,10,6,3,1
213,94102,WIN,21.35,231.4,222,133,55,34,380,41,8,5,5,0
214,94593,WIN,24.35,234.3,223,128,59,36,387,58,8,5,3,0
215,95035,WIN,-7.05,221.6,194,121,44,29,332,43,8,7,5,3
216,95555,WIN,23.10,256.3,242,139,67,36,411,57,7,5,4,1
217,96043,WIN,22.90,244.7,237,134,67,36,397,57,6,4,3,0
218,96446,LOSS,-30.45,196.2,168,107,40,21,263,35,7,5,3,2
219,96922,WIN,25.95,229.2,221,145,47,29,352,52,7,7,3,0
220,97390,WIN,4.10,230.1,215,138,49,28,350,54,10,5,3,2
221,97852,WIN,13.10,228.9,228,137,59,32,363,67,8,4,4,1
222,98353,LOSS,-49.15,247.4,215,125,58,32,362,50,9,6,3,3
223,98727,LOSS,-36.15,171.4,128,81,31,16,213,23,5,5,2,2
224,99235,WIN,12.45,241.7,232,145,54,33,384,52,9,6,5,0
225,99634,LOSS,-10.30,187.7,161,105,36,20,244,36,6,5,3,1
226,100069,WIN,-15.20,204.7,178,119,39,20,288,32,7,6,3,5
227,100579,WIN,36.95,236.2,232,150,56,26,355,86,7,5,4,0
228,101025,WIN,24.50,219.8,217,136,61,20,328,56,8,5,4,0
229,101489,WIN,13.85,230.1,216,138,51,27,342,54,10,5,4,1
230,101989,WIN,11.25,236.5,222,154,39,29,366,33,6,6,4,1
231,102523,WIN,8.70,264.1,237,150,46,41,414,66,11,7,5,1
232,103005,WIN,16.45,238.9,223,128,55,40,413,52,8,5,4,0
233,103381,LOSS,-22.85,177.4,151,101,34,16,228,34,8,5,3,2
234,103764,LOSS,-29.50,193.9,170,113,34,23,272,43,8,5,3,2
235,104242,WIN,8.95,238.1,232,154,51,27,365,49,6,5,5,1
236,104726,WIN,29.30,233.8,230,141,61,28,365,52,7,4,4,0
237,105205,WIN,24.20,235.6,238,153,56,29,362,51,9,5,4,0
238,105644,WIN,13.40,226.1,208,135,48,25,327,51,9,6,4,2
239,106139,WIN,22.50,248.6,243,148,56,39,393,53,6,6,4,0
240,106613,WIN,-8.00,228.4,200,128,46,26,332,45,9,6,3,3
241,107148,WIN,27.10,259.5,248,148,61,39,407,71,10,5,5,0
242,107623,WIN,11.80,226.6,213,132,48,33,359,44,5,4,4,2
243,108137,WIN,24.85,248.2,241,148,60,33,393,51,7,6,4,0
244,108605,WIN,31.00,229.1,216,130,58,28,354,62,5,5,4,0
245,109079,WIN,18.65,238.5,228,126,64,38,386,57,8,6,3,0
246,109579,WIN,15.75,238.1,230,140,58,32,389,30,4,7,2,0
247,110067,WIN,20.25,252.4,244,139,65,40,408,52,7,5,5,0
248,110545,WIN,22.10,238.2,234,148,48,38,367,55,5,5,3,0
249,111086,WIN,7.70,252.9,225,131,64,30,364,52,11,6,3,2
250,111447,LOSS,-23.95,166.6,134,98,19,17,193,38,8,5,3,2
251,111920,WIN,23.40,231.8,214,115,60,39,385,58,7,6,4,1
252,112427,WIN,-4.25,244.5,220,138,45,37,367,30,7,6,2,3
253,112917,LOSS,-28.75,224.9,201,145,37,19,289,35,7,6,4,2
254,113404,WIN,4.10,236.0,209,122,54,33,359,37,7,6,4,2
255,113915,WIN,26.70,249.6,240,147,47,46,409,47,6,6,3,0
256,114377,WIN,29.40,233.5,224,132,63,29,366,62,9,6,5,1
257,114884,WIN,13.35,250.8,239,152,48,39,391,46,8,7,3,1
258,115336,LOSS,-35.50,219.5,191,119,54,18,303,40,7,5,5,2
259,115756,LOSS,-33.30,175.2,124,85,27,12,184,29,7,6,2,2
260,116274,WIN,6.75,225.8,204,129,54,21,340,37,9,6,2,2
261,116707,WIN,31.55,221.5,214,134,49,31,328,56,6,7,3,0
262,117181,WIN,18.80,221.8,214,135,52,27,358,43,7,3,3,1
263,117647,WIN,8.20,234.8,225,134,50,41,381,44,6,5,4,1
264,118124,LOSS,-34.80,218.6,189,131,40,18,281,32,6,6,3,2
265,118529,LOSS,-20.25,183.1,148,95,37,16,226,34,7,6,3,1
266,118992,WIN,-0.80,227.6,225,148,55,22,330,45,9,6,3,2
267,119415,WIN,4.90,213.8,203,131,47,25,314,38,7,5,3,2
268,119873,WIN,22.65,223.9,220,145,49,26,348,50,6,6,3,0
269,120294,LOSS,-13.50,192.5,174,109,40,25,279,38,6,4,3,1
270,120677,LOSS,-36.65,177.9,145,98,32,15,214,49,11,5,3,3
271,121186,WIN,21.70,252.2,246,151,57,38,386,57,8,6,5,0
272,121596,LOSS,-33.65,200.5,184,123,47,14,278,41,7,5,3,2
273,122094,WIN,13.80,241.9,237,138,65,34,391,43,6,6,3,0
274,122605,WIN,17.70,249.9,237,155,46,36,386,45,8,6,2,0
275,123030,LOSS,-40.55,206.0,175,99,49,27,290,28,5,6,4,3
276,123537,WIN,37.10,246.9,235,144,55,36,394,70,9,4,4,0
277,123999,WIN,33.10,231.2,225,124,71,30,385,60,10,5,4,0
278,124392,LOSS,-40.00,191.5,166,102,40,24,288,37,8,5,3,3
279,124909,WIN,-4.00,256.4,225,145,56,24,371,53,10,6,4,3
280,125371,WIN,30.65,228.5,228,149,49,30,357,47,7,5,4,0
281,125873,WIN,30.15,236.3,231,143,56,32,372,72,7,4,4,0
282,126371,WIN,31.05,244.3,224,146,49,29,365,76,7,6,4,0
283,126857,WIN,19.30,246.5,237,148,53,36,392,39,5,6,5,0
284,127253,LOSS,-19.45,185.2,149,99,30,20,229,45,11,5,3,2
285,127766,WIN,-0.85,245.9,235,142,60,33,383,48,8,7,4,1
286,128305,WIN,-0.60,235.8,197,120,46,31,328,44,10,7,3,3
287,128803,WIN,4.65,244.5,232,142,56,34,368,38,6,8,4,1
288,129248,WIN,24.00,218.7,216,141,50,25,332,39,7,4,3,0
289,129746,WIN,21.50,241.4,241,143,64,34,393,53,8,5,4,0
290,130242,WIN,21.95,245.7,240,153,47,40,390,49,6,6,4,0
291,130601,LOSS,-24.85,169.9,140,91,27,22,224,40,10,5,2,2
292,130968,LOSS,-16.45,173.6,139,98,20,21,221,45,5,5,3,1
293,131401,WIN,11.20,224.2,195,122,43,30,318,64,10,7,4,1
294,131896,WIN,25.00,255.0,243,142,65,36,398,57,8,6,4,0
295,132349,WIN,5.60,227.0,213,133,55,25,337,36,7,6,2,1
296,132820,WIN,11.10,229.6,232,149,59,24,354,33,3,3,3,0
297,133201,LOSS,-26.05,169.9,114,65,37,12,191,27,7,5,2,1
298,133676,WIN,21.25,239.2,221,135,49,37,364,65,8,6,4,0
299,134149,LOSS,-35.40,225.4,204,132,45,27,334,40,5,7,4,3
300,134603,LOSS,-37.75,209.0,167,105,41,21,272,45,12,6,3,4
301,135065,WIN,17.90,229.8,223,122,60,41,385,48,5,6,3,0
302,135526,WIN,14.40,228.6,218,128,61,29,367,61,8,5,3,1
303,135998,WIN,18.35,223.9,211,144,40,27,320,49,6,6,4,1
304,136502,WIN,31.20,252.7,236,142,57,37,390,62,9,5,5,0
305,136912,LOSS,-15.15,186.3,144,95,34,15,231,41,9,5,4,1
306,137367,WIN,15.65,217.3,215,130,46,39,354,35,5,5,3,0
307,137800,WIN,2.30,222.7,219,134,52,33,376,41,8,5,3,2
308,138314,WIN,31.35,245.0,230,148,55,27,370,53,9,6,4,0
309,138843,WIN,24.55,248.1,240,158,54,28,372,68,7,5,4,0
310,139372,WIN,17.35,250.3,240,146,58,36,397,66,11,6,4,0
311,139827,WIN,2.35,235.8,230,128,60,42,406,49,5,5,4,0
312,140286,WIN,16.75,227.6,220,133,46,41,378,44,6,5,3,0
313,140745,LOSS,-29.10,220.4,201,127,56,18,314,45,6,6,4,2
314,141240,WIN,27.75,240.5,231,141,69,21,366,55,9,6,4,0
315,141600,LOSS,-11.20,167.5,143,81,38,24,243,37,7,4,2,1
316,142124,LOSS,-26.45,250.3,212,131,53,28,356,53,11,7,5,2
317,142641,WIN,27.30,253.7,240,159,44,37,395,56,9,4,4,0
318,143109,WIN,25.30,221.7,220,124,58,38,382,55,4,5,4,0
319,143591,WIN,17.15,231.0,223,148,55,20,356,42,7,5,4,1
320,144057,WIN,21.65,234.3,223,126,57,40,386,51,6,4,3,0
321,144597,WIN,27.50,259.3,246,154,54,38,415,64,9,5,5,0
322,145049,WIN,-4.65,224.5,212,128,59,25,353,42,6,7,4,2
323,145551,LOSS,-27.65,237.9,221,146,47,28,364,53,10,5,4,2
324,146013,WIN,9.65,225.8,224,140,57,27,346,39,8,5,3,1
325,146455,LOSS,-49.70,209.6,186,123,42,21,293,31,7,6,3,3
326,146946,WIN,16.95,230.2,226,143,52,31,371,38,6,5,4,0
327,147402,WIN,13.05,222.6,210,135,47,28,360,33,7,4,4,1
328,147868,LOSS,-31.35,215.4,188,117,52,19,323,38,8,5,4,2
329,148364,WIN,21.95,242.0,234,145,59,30,389,41,5,4,4,0
330,148795,WIN,6.00,210.7,199,124,46,29,327,45,9,5,3,1
331,149269,WIN,29.50,226.4,220,136,56,28,356,51,5,5,4,0
332,149745,WIN,15.95,229.9,224,131,55,38,386,45,6,6,3,0
333,150125,LOSS,-17.45,171.0,143,102,30,11,203,29,6,5,3,1
334,150572,WIN,19.20,222.3,216,129,57,30,355,32,3,5,4,0
335,150926,LOSS,-21.05,161.7,129,83,28,18,203,50,8,5,1,2
336,151479,WIN,24.20,251.1,245,146,62,37,424,64,9,6,5,0
337,151836,LOSS,-23.10,157.4,96,60,24,12,158,41,11,5,2,1
338,152251,LOSS,-12.35,197.6,178,112,41,25,294,33,6,4,2,1
339,152732,WIN,25.00,232.3,226,140,49,37,371,66,7,6,4,0
340,153126,LOSS,-33.15,185.4,156,84,48,24,285,30,6,5,3,1
341,153652,WIN,21.35,249.4,237,142,62,33,396,45,4,6,2,0
342,154119,WIN,1.55,222.8,203,129,49,25,329,41,9,6,4,2
343,154611,WIN,15.35,236.6,217,127,58,32,377,47,11,5,4,1
344,155065,WIN,15.90,217.3,215,141,46,28,341,51,7,5,3,0
345,155570,WIN,2.35,233.7,204,128,45,31,330,49,8,6,3,3
346,156034,LOSS,-20.05,225.0,197,127,44,26,313,50,10,5,3,2
347,156503,WIN,19.00,231.1,224,144,61,19,340,60,9,5,3,0
348,156971,WIN,-20.90,219.6,176,117,44,15,260,52,13,7,4,5
349,157468,WIN,20.30,235.4,215,134,51,30,358,50,9,6,3,1
350,157971,WIN,14.00,243.4,245,160,57,28,373,48,5,5,4,1
351,158411,WIN,7.30,222.2,204,121,56,27,325,50,9,6,4,2
352,158833,WIN,-3.00,204.6,194,118,47,29,305,32,7,6,3,2
353,159288,WIN,22.60,220.8,216,134,48,34,344,41,4,5,4,0
354,159795,WIN,26.20,253.8,244,163,39,42,403,68,11,6,4,0
355,160283,WIN,2.70,233.5,222,153,45,24,344,50,7,6,4,2
356,160690,LOSS,-25.90,200.2,182,119,38,25,286,41,9,6,3,2
357,161189,WIN,-0.85,249.4,230,147,55,28,373,49,8,6,4,3
358,161661,WIN,21.45,231.7,231,139,66,26,365,55,6,5,3,0
359,162077,LOSS,-20.50,178.7,161,109,36,16,244,32,6,5,2,1
360,162512,WIN,4.35,203.7,198,124,52,22,310,18,3,4,3,2
361,163014,WIN,24.40,245.6,238,152,51,35,381,45,6,5,5,0
362,163273,LOSS,-20.30,111.6,75,49,20,6,118,17,6,4,0,1
363,163789,WIN,23.15,251.0,236,151,52,33,383,64,12,5,3,0
364,164270,WIN,26.40,230.2,234,146,57,31,365,50,7,4,4,0
365,164770,WIN,-2.50,242.0,221,137,47,37,366,72,13,7,4,3
366,165291,WIN,18.50,252.9,247,149,63,35,426,52,5,5,3,0
367,165809,WIN,29.25,243.2,235,143,54,38,386,63,8,7,4,0
368,166275,WIN,23.90,233.2,226,132,61,33,381,46,10,3,3,0
369,166804,WIN,16.20,249.1,223,135,65,23,364,46,9,7,4,1
370,167156,LOSS,-17.85,156.7,118,85,25,8,177,32,4,4,2,1
371,167602,WIN,1.00,217.9,207,133,46,28,320,40,6,5,3,2
372,168100,WIN,18.20,246.8,239,144,62,33,382,56,8,6,5,0
373,168553,WIN,12.10,219.9,209,134,46,29,347,38,7,5,4,1
374,169084,WIN,27.05,247.5,228,146,55,27,378,82,12,6,4,0
375,169601,WIN,21.50,247.6,241,141,67,33,392,48,5,6,4,0
376,170078,WIN,20.15,220.5,222,133,67,22,336,46,8,6,3,0
377,170601,WIN,36.75,255.2,246,149,64,33,404,77,9,7,4,0
378,171015,LOSS,-13.25,197.4,176,111,45,20,277,62,7,4,3,1
379,171506,WIN,9.90,245.8,242,130,85,27,391,51,11,5,4,1
380,171880,LOSS,-12.75,163.6,113,81,20,12,185,44,9,5,3,1
381,172307,LOSS,-39.05,203.9,173,112,36,25,291,35,7,6,4,3
382,172752,LOSS,-32.05,223.2,206,130,48,28,339,49,7,6,4,1
383,173245,WIN,8.85,237.5,215,127,62,26,338,44,8,8,4,2
384,173740,WIN,24.20,247.4,239,159,63,17,349,53,9,5,4,0
385,174183,LOSS,-8.70,195.2,176,130,27,19,269,48,7,4,3,1
386,174587,LOSS,-33.25,193.8,163,98,41,24,269,24,5,5,3,2
387,175103,WIN,30.55,246.3,244,145,68,31,399,42,5,5,4,0
388,175472,LOSS,-21.85,166.6,121,76,26,19,192,30,8,5,2,1
389,175946,WIN,-1.00,228.9,219,139,49,31,373,41,5,7,4,1
390,176374,LOSS,-21.50,194.8,147,100,32,15,233,49,10,6,4,1
391,176863,WIN,1.15,245.3,214,139,45,30,350,39,8,6,3,2
392,177401,WIN,25.50,251.4,237,150,48,39,387,63,8,4,4,0
393,177835,WIN,-11.25,215.7,197,133,46,18,298,53,11,5,4,3
394,178326,WIN,19.00,230.8,219,132,52,35,352,47,6,5,4,0
395,178702,LOSS,-15.55,179.1,154,95,41,18,257,43,7,5,3,1
396,178997,LOSS,-23.60,130.2,91,60,20,11,140,25,8,4,1,2
397,179327,LOSS,-27.95,142.2,98,66,20,12,161,26,9,5,0,2
398,179721,LOSS,-45.45,193.1,148,95,37,16,247,32,7,5,3,3
399,180175,WIN,21.50,218.3,211,129,54,28,348,45,4,5,4,0
400,180658,LOSS,-50.20,209.8,161,114,27,20,241,34,9,6,2,3
401,181131,WIN,17.00,233.2,221,131,59,31,368,44,4,4,4,0
402,181561,WIN,1.95,221.1,219,137,48,34,355,50,6,6,4,1
403,181957,LOSS,-19.95,178.5,144,103,27,14,215,40,9,5,2,2
404,182448,WIN,24.25,235.4,232,139,63,30,368,48,8,6,4,0
405,182890,LOSS,-54.50,219.8,191,105,56,30,322,31,7,6,3,4
406,183410,WIN,-7.55,233.7,194,127,37,30,315,40,9,5,3,3
407,183864,LOSS,-21.15,200.4,165,121,29,15,233,34,5,6,3,1
408,184321,LOSS,-28.95,229.2,201,129,49,23,316,49,8,7,4,3
409,184750,LOSS,-32.05,205.0,167,119,35,13,250,46,8,6,4,2
410,185237,WIN,19.70,236.8,223,129,64,30,370,55,6,6,4,0
411,185678,WIN,-12.05,217.7,203,126,51,26,329,26,4,5,3,3
412,186178,WIN,28.10,240.6,234,148,51,35,385,51,6,6,4,0
413,186532,LOSS,-23.90,158.6,115,85,19,11,178,27,6,5,2,1
414,186995,WIN,8.55,223.8,199,124,51,24,328,38,8,5,4,2
415,187485,WIN,23.15,232.9,228,153,50,25,347,51,7,5,4,0
416,187952,WIN,-3.40,223.3,188,132,39,17,285,54,10,7,4,3
417,188418,WIN,35.40,222.7,219,142,52,25,337,75,8,6,3,0
418,188914,WIN,17.05,238.1,226,119,77,30,391,63,8,4,5,1
419,189196,LOSS,-17.55,119.3,83,61,14,8,116,29,7,4,1,1
420,189710,WIN,6.60,247.6,226,146,43,37,376,56,10,6,5,3
421,190172,WIN,13.15,235.5,224,134,61,29,382,43,7,6,5,1
422,190645,WIN,2.20,231.2,217,137,55,25,341,43,9,5,4,1
423,191083,WIN,-13.45,217.8,193,107,49,37,352,31,4,6,3,3
424,191548,WIN,12.45,220.5,208,116,58,34,359,43,4,5,3,1
425,191973,WIN,0.95,216.5,191,108,54,29,313,47,8,6,4,2
426,192275,LOSS,-28.10,136.3,97,65,22,10,141,26,8,5,0,2
427,192581,LOSS,-30.15,132.9,89,55,29,5,141,15,3,5,1,2
428,193079,WIN,2.85,230.6,201,129,45,27,312,47,10,7,2,2
429,193562,WIN,21.55,234.1,235,142,64,29,373,54,6,5,4,0
430,194026,WIN,20.55,235.7,229,142,49,38,372,55,9,6,4,0
431,194505,WIN,-7.20,221.1,197,124,50,23,339,46,9,5,2,4
432,195040,WIN,31.90,253.2,240,146,62,32,412,76,9,5,4,0
433,195442,LOSS,-37.75,199.5,180,111,47,22,302,53,9,6,3,3
434,195866,WIN,5.95,210.9,184,114,44,26,311,55,11,5,4,3
435,196328,WIN,16.20,227.0,220,145,53,22,346,44,5,6,3,0
436,196795,WIN,6.05,232.9,204,117,60,27,327,58,9,7,4,1
437,197270,WIN,30.25,236.1,217,138,54,25,350,69,7,5,4,0
438,197806,WIN,12.80,238.5,222,148,48,26,359,35,4,4,4,1
439,198252,LOSS,-33.10,206.8,169,108,33,28,277,39,7,6,4,3
440,198638,LOSS,-34.25,187.1,160,102,36,22,258,34,9,6,1,3
441,199115,WIN,24.80,237.2,227,142,63,22,358,62,9,5,4,0
442,199634,WIN,30.35,247.1,237,150,49,38,400,61,6,5,4,0
443,200094,WIN,-3.70,224.9,222,142,50,30,355,33,6,5,4,1
444,200586,WIN,29.05,241.2,226,152,47,27,344,63,5,4,5,0
445,201025,WIN,-12.00,210.1,186,113,53,20,301,46,8,4,4,4
446,201519,WIN,31.00,247.8,241,149,65,27,379,61,8,6,5,0
