episode,step,result,reward,duration,kills,kills_zombie,kills_cone,kills_bucket,clicks,suns_collected,gravebusters,cherries,ices,mowers_used
1,432,LOSS,-33.30,198.8,180,113,43,24,304,30,6,1,4,2
2,937,WIN,-5.90,223.3,213,141,46,26,313,45,10,1,3,2
3,1391,WIN,6.35,218.4,218,132,52,34,351,37,9,1,2,1
4,1672,LOSS,-24.50,117.5,76,59,9,8,107,26,7,0,2,2
5,2064,LOSS,-17.40,171.8,157,115,32,10,187,42,8,2,3,2
6,2532,WIN,10.10,226.8,223,139,53,31,324,59,14,2,3,2
7,2959,LOSS,-34.30,204.6,175,112,37,26,283,45,12,1,3,2
8,3381,LOSS,-37.35,206.2,189,113,45,31,314,41,7,3,2,3
9,3874,WIN,-6.80,232.1,226,134,59,33,348,60,9,3,4,3
10,4328,WIN,23.15,221.0,241,147,64,30,320,49,6,3,5,0
11,4845,WIN,35.95,229.2,254,162,62,30,320,55,9,3,5,0
12,5363,WIN,-1.20,241.3,242,150,56,36,376,53,8,3,4,2
13,5850,WIN,-1.60,222.7,221,142,52,27,331,30,6,1,3,3
14,6353,WIN,-13.40,227.7,203,129,47,27,324,39,8,1,4,4
15,6857,WIN,30.80,238.6,252,159,55,38,334,62,11,3,4,0
16,7361,WIN,30.05,240.3,256,156,62,38,349,48,6,3,4,0
17,7810,WIN,11.55,222.1,234,136,67,31,352,42,7,2,3,0
18,8264,WIN,5.70,220.5,234,127,71,36,360,50,9,2,4,1
19,8732,WIN,5.80,214.3,212,132,47,33,353,38,7,1,4,1
20,9241,WIN,-12.10,233.7,222,150,40,32,371,37,9,1,2,3
21,9701,LOSS,-47.05,222.9,205,126,52,27,325,51,12,2,2,4
22,10198,WIN,37.20,237.5,259,162,60,37,349,70,11,3,5,0
23,10696,WIN,6.20,244.6,250,143,67,40,392,49,8,2,5,2
24,11212,WIN,2.75,247.9,246,155,58,33,349,67,11,3,5,2
25,11690,WIN,-12.40,223.3,216,144,42,30,344,32,6,1,3,3
26,12134,WIN,-5.05,218.6,216,136,47,33,324,37,6,2,3,3
27,12612,WIN,34.40,231.8,256,156,71,29,338,56,6,3,6,0
28,13114,WIN,29.20,231.0,250,153,62,35,335,66,9,3,4,0
29,13517,LOSS,-32.70,190.8,170,111,42,17,269,42,10,1,3,1
30,14033,WIN,-8.15,238.0,235,138,71,26,349,53,10,3,2,3
31,14520,WIN,27.95,233.6,245,158,63,24,338,53,9,2,5,0
32,15011,WIN,8.30,222.5,238,142,66,30,358,40,9,2,1,0
33,15510,WIN,36.00,242.1,258,150,69,39,385,56,8,3,4,0
34,16026,WIN,-21.45,233.7,199,130,48,21,322,35,7,1,4,5
35,16487,WIN,-5.95,222.3,237,143,66,28,354,50,7,2,3,2
36,16940,WIN,15.00,222.4,227,141,55,31,335,52,9,2,3,1
37,17398,WIN,30.80,226.6,237,141,63,33,365,50,8,2,4,0
38,17874,WIN,38.00,224.8,240,145,59,36,326,67,9,3,3,0
39,18385,WIN,-18.05,239.6,200,126,56,18,325,43,8,1,6,4
40,18829,WIN,-6.70,210.2,214,139,51,24,312,39,8,1,3,3
41,19303,WIN,-6.50,228.1,225,133,54,38,349,61,11,3,4,3
42,19800,WIN,25.95,237.1,251,148,68,35,354,65,8,3,4,0
43,20294,WIN,-10.75,229.5,218,151,42,25,346,50,13,1,3,1
44,20753,WIN,38.30,218.5,237,145,64,28,304,72,12,3,4,0
45,21238,WIN,29.80,240.2,255,140,80,35,378,48,8,2,5,0
46,21696,WIN,32.55,222.7,239,142,62,35,338,60,7,3,4,0
47,22225,WIN,-7.30,256.0,240,156,49,35,348,55,12,2,4,3
48,22680,WIN,31.35,221.1,237,136,72,29,332,50,10,2,3,0
49,23154,WIN,14.85,229.7,230,135,52,43,385,52,9,2,4,1
50,23623,WIN,30.55,224.0,234,140,64,30,339,47,8,2,3,0
51,24126,WIN,-11.30,236.7,225,151,43,31,348,33,6,1,4,3
52,24657,WIN,3.35,247.4,222,148,46,28,352,41,9,1,3,2
53,25145,WIN,10.80,242.1,248,142,67,39,373,56,9,2,4,1
54,25476,LOSS,-25.90,151.9,117,73,31,13,181,44,10,1,2,2
55,25967,WIN,9.75,234.0,242,146,62,34,358,42,5,3,4,1
56,26435,WIN,-26.65,221.5,209,137,43,29,340,34,4,2,2,4
57,26926,WIN,26.50,237.1,257,168,60,29,348,71,9,2,4,0
58,27429,WIN,20.80,233.8,254,157,62,35,357,59,6,3,4,0
59,27937,WIN,12.85,244.5,264,157,58,49,382,50,8,2,4,1
60,28417,WIN,35.10,220.4,247,149,68,30,305,57,8,3,4,0
61,28918,WIN,-2.05,233.6,233,147,56,30,333,57,11,2,3,3
62,29386,LOSS,-37.05,212.3,174,121,31,22,261,45,12,1,2,3
63,29906,WIN,-2.75,247.4,252,158,68,26,386,57,13,1,4,3
64,30365,WIN,12.05,220.4,234,151,49,34,334,44,7,2,4,1
65,30893,WIN,4.00,252.2,260,151,71,38,449,36,9,1,1,0
66,31373,WIN,1.00,224.9,217,134,53,30,339,41,7,2,3,3
67,31865,WIN,12.45,231.7,235,139,73,23,363,52,8,2,3,1
68,32352,WIN,19.60,225.4,235,152,60,23,335,65,7,2,3,0
69,32828,WIN,29.25,228.9,245,149,59,37,350,44,5,3,4,0
70,33313,WIN,24.40,234.7,248,162,49,37,345,55,8,3,4,0
71,33756,LOSS,-26.75,209.9,192,119,48,25,289,45,10,2,3,2
72,34245,WIN,33.85,224.7,234,141,55,38,326,60,6,3,4,0
73,34728,WIN,29.75,231.8,236,141,64,31,355,47,10,2,3,0
74,35226,WIN,15.80,238.2,246,150,53,43,374,49,8,2,4,0
75,35697,WIN,27.55,229.4,257,147,68,42,345,64,7,3,4,0
76,36151,WIN,14.65,227.9,236,147,46,43,391,38,6,1,5,0
77,36651,WIN,16.75,240.4,256,141,74,41,394,43,8,2,3,1
78,37135,WIN,30.35,238.4,259,146,70,43,362,61,10,3,4,0
79,37617,WIN,5.85,223.5,245,155,61,29,333,60,8,3,3,2
80,38118,WIN,4.70,226.5,219,140,58,21,340,37,8,1,3,2
81,38596,WIN,22.25,236.7,243,151,56,36,389,44,8,1,4,0
82,39047,WIN,31.10,217.5,235,142,58,35,323,55,7,3,4,0
83,39514,WIN,23.10,224.8,237,145,53,39,360,39,5,2,3,0
84,40014,WIN,37.40,230.5,261,161,63,37,354,62,8,3,4,0
85,40525,WIN,18.55,236.9,246,168,42,36,346,43,8,2,3,1
86,41004,WIN,33.55,229.3,248,160,50,38,337,59,9,3,4,0
87,41476,WIN,2.85,226.7,235,137,64,34,350,65,9,2,3,2
88,41983,WIN,38.00,240.1,262,165,66,31,334,66,9,3,4,0
89,42384,LOSS,-20.90,164.6,127,91,20,16,180,31,7,1,2,2
90,42893,WIN,31.60,234.1,257,170,56,31,338,58,10,3,4,0
91,43355,WIN,30.25,214.6,234,143,61,30,301,67,8,3,4,0
92,43876,WIN,15.05,241.3,245,166,53,26,338,53,10,3,2,2
93,44321,WIN,27.95,217.4,236,144,61,31,316,59,8,3,4,0
94,44788,WIN,38.35,213.7,236,147,61,28,295,59,8,3,3,0
95,45264,WIN,40.40,219.7,252,161,56,35,294,79,12,3,3,0
96,45754,WIN,25.90,231.8,239,141,64,34,378,46,7,2,4,0
97,46270,WIN,-1.15,250.4,245,147,64,34,388,36,7,1,4,3
98,46715,WIN,34.70,213.3,239,144,51,44,317,57,8,3,4,0
99,47212,WIN,37.75,229.7,252,158,65,29,321,67,10,3,5,0
100,47664,WIN,-4.85,224.2,233,147,61,25,353,46,8,2,3,2
101,48106,LOSS,-43.50,218.1,202,118,49,35,331,39,9,1,3,3
102,48591,WIN,32.35,232.5,245,143,66,36,372,47,6,2,3,0
103,49070,WIN,16.95,237.8,238,134,58,46,374,55,10,3,3,1
104,49520,WIN,37.45,213.6,243,142,71,30,305,49,7,3,3,0
105,50012,WIN,25.70,232.1,244,139,67,38,362,51,8,2,4,0
106,50487,WIN,19.20,228.3,235,144,58,33,355,57,7,2,3,1
107,50950,WIN,16.20,229.3,234,133,62,39,376,44,6,2,4,0
108,51424,WIN,40.25,223.5,248,158,51,39,326,73,10,3,3,0
109,51853,LOSS,-14.35,185.8,162,99,44,19,256,38,10,1,2,1
110,52307,WIN,17.45,226.3,236,141,68,27,350,49,9,2,5,1
111,52831,WIN,30.65,251.4,262,145,77,40,399,64,9,2,4,0
112,53304,WIN,34.35,227.5,260,151,70,39,341,68,6,3,5,0
113,53665,LOSS,-30.35,164.1,137,80,38,19,227,27,6,1,2,2
114,54124,WIN,36.90,209.4,240,140,61,39,305,60,9,3,3,0
115,54660,WIN,-10.05,250.4,248,161,52,35,392,51,8,2,3,4
116,55172,WIN,22.10,244.1,257,161,49,47,402,59,9,2,4,0
117,55667,WIN,35.15,237.6,259,163,62,34,346,67,7,3,5,0
118,56117,WIN,38.40,217.3,254,154,62,38,299,65,13,3,4,0
119,56639,WIN,21.95,253.3,265,155,76,34,408,42,6,2,4,0
120,57121,WIN,37.80,226.5,250,150,61,39,335,71,5,3,4,0
121,57552,WIN,14.05,213.2,228,141,54,33,305,46,8,2,3,2
122,58087,WIN,37.10,253.0,260,169,55,36,352,72,12,3,3,0
123,58595,WIN,-2.10,244.3,251,152,60,39,393,57,10,2,3,2
124,59057,WIN,-8.15,232.1,225,139,58,28,350,56,10,2,4,4
125,59554,WIN,34.00,238.9,251,169,61,21,351,54,10,2,4,0
126,60034,WIN,34.90,227.0,244,146,59,39,334,75,6,3,4,0
127,60485,LOSS,-21.85,221.3,221,149,42,30,311,55,13,2,2,1
128,60984,WIN,1.15,240.9,240,147,61,32,377,55,12,2,4,2
129,61457,WIN,-2.35,235.0,244,154,53,37,339,55,11,3,2,3
130,61935,WIN,38.90,226.5,248,144,59,45,326,68,10,3,4,0
131,62459,WIN,32.00,255.8,270,177,55,38,374,55,8,3,4,0
132,62893,WIN,32.10,218.2,239,137,60,42,314,71,9,3,4,0
133,63372,WIN,20.20,234.9,246,146,64,36,334,59,10,3,4,2
134,63846,WIN,32.50,223.9,247,143,63,41,339,60,10,3,4,0
135,64362,WIN,43.75,233.5,267,157,69,41,323,78,11,3,4,0
136,64815,WIN,-16.15,211.6,212,132,52,28,349,29,6,1,2,3
137,65339,WIN,19.45,247.0,261,152,66,43,404,50,7,3,4,1
138,65782,WIN,7.90,205.9,207,136,49,22,292,47,10,2,2,2
139,66251,WIN,36.75,220.5,237,138,71,28,319,67,10,3,4,0
140,66728,WIN,37.75,222.5,242,138,69,35,337,63,8,3,4,0
141,67223,WIN,15.40,242.8,261,159,72,30,375,60,10,3,3,0
142,67739,WIN,-13.85,239.8,222,149,43,30,342,44,8,2,3,4
143,68204,WIN,31.55,223.0,242,141,68,33,325,51,9,3,4,0
144,68725,WIN,28.75,241.9,251,150,63,38,390,50,8,2,4,0
145,69176,WIN,34.75,221.4,242,141,62,39,322,64,12,3,4,0
146,69682,WIN,22.10,240.5,258,165,62,31,373,41,7,2,4,0
147,70191,WIN,26.00,238.8,247,150,62,35,348,64,11,2,3,0
148,70676,WIN,-7.65,227.5,233,143,65,25,356,55,11,2,3,3
149,71178,WIN,17.35,235.1,257,153,68,36,384,47,6,3,4,0
150,71660,WIN,18.30,240.4,241,138,67,36,375,46,10,2,3,1
151,72158,WIN,9.45,238.8,233,135,59,39,378,51,8,2,4,1
152,72589,WIN,30.65,212.7,242,158,48,36,315,55,9,3,3,0
153,73089,WIN,21.95,229.9,252,173,47,32,326,51,6,3,4,0
154,73599,WIN,42.10,237.0,260,160,62,38,335,69,9,3,4,0
155,74057,WIN,29.85,221.5,237,136,62,39,365,45,7,2,3,0
156,74524,WIN,3.65,228.4,243,135,72,36,346,45,8,3,2,2
157,75035,WIN,-3.00,223.1,195,120,45,30,301,43,8,2,3,3
158,75479,LOSS,-30.20,203.2,187,124,47,16,263,34,8,2,1,3
159,75996,WIN,31.85,242.0,255,154,61,40,382,53,7,3,4,0
160,76500,WIN,18.90,251.4,253,149,67,37,377,62,13,2,4,1
161,76968,WIN,35.40,227.1,256,149,68,39,316,65,10,3,4,0
162,77334,LOSS,-26.00,173.9,152,87,47,18,249,25,6,1,2,2
163,77818,WIN,20.30,227.9,250,160,55,35,364,45,7,2,4,0
164,78315,WIN,23.70,236.9,250,160,58,32,379,38,6,2,4,0
165,78838,WIN,27.05,252.4,261,154,72,35,402,51,8,2,4,0
166,79336,WIN,23.70,236.1,258,163,57,38,367,56,9,3,4,0
167,79691,LOSS,-18.50,156.7,138,82,44,12,227,22,6,1,1,1
168,80101,LOSS,-33.80,193.6,178,115,40,23,277,32,6,2,2,3
169,80599,WIN,41.35,238.7,265,157,70,38,341,66,10,3,4,0
170,81037,WIN,-14.20,207.7,204,138,38,28,318,28,7,1,1,3
171,81534,WIN,27.95,231.1,250,160,61,29,346,55,7,3,4,0
172,82005,WIN,-10.45,225.8,219,127,61,31,348,56,12,2,4,3
173,82434,LOSS,-47.55,212.0,191,130,41,20,299,33,7,1,4,3
174,82912,WIN,-5.80,225.4,231,149,49,33,367,37,5,2,3,2
175,83409,WIN,31.95,224.5,247,169,57,21,315,56,7,3,4,0
176,83900,WIN,4.55,234.2,243,148,62,33,335,49,8,3,4,2
177,84353,WIN,23.35,233.7,244,133,70,41,328,63,11,3,4,1
178,84816,WIN,28.05,225.2,235,143,57,35,351,41,7,1,3,0
179,85343,WIN,25.00,251.0,260,168,62,30,380,53,11,2,4,1
180,85826,WIN,4.45,230.0,229,149,50,30,350,41,9,1,3,1
181,86308,WIN,31.75,231.6,254,145,71,38,341,68,10,3,4,1
182,86825,WIN,37.15,245.8,264,160,60,44,355,70,9,3,4,0
183,87336,WIN,40.35,239.5,256,137,72,47,398,57,7,2,3,0
184,87838,WIN,33.65,240.4,259,162,61,36,342,67,10,3,3,0
185,88304,WIN,32.00,227.9,246,147,63,36,352,53,8,3,4,0
186,88813,WIN,41.45,240.8,262,156,67,39,354,79,10,3,4,0
187,89301,WIN,37.70,233.6,254,144,66,44,367,63,10,3,4,0
188,89803,WIN,31.50,230.2,246,156,66,24,361,52,9,2,2,0
189,90273,WIN,-1.80,229.4,234,139,62,33,359,38,6,2,3,2
190,90758,WIN,12.05,231.1,235,150,53,32,335,62,13,2,3,2
191,91299,WIN,39.75,249.0,275,168,74,33,355,66,8,3,4,0
192,91818,WIN,19.45,245.2,249,153,56,40,379,55,6,2,3,0
193,92331,WIN,38.75,231.8,259,163,61,35,338,59,9,3,5,0
194,92848,WIN,1.15,247.7,248,145,72,31,385,36,5,2,4,2
195,93320,WIN,34.00,218.8,262,164,65,33,301,68,13,3,4,0
196,93760,WIN,29.45,205.8,231,134,64,33,287,60,8,3,4,1
197,94265,WIN,35.35,243.5,255,149,63,43,395,62,8,2,4,0
198,94747,WIN,32.60,235.2,249,147,63,39,361,53,7,3,4,0
199,95163,LOSS,-7.50,189.5,185,113,44,28,280,35,6,2,2,1
200,95677,WIN,34.95,240.6,264,157,57,50,363,54,7,3,3,0
201,96170,WIN,41.40,226.4,255,156,62,37,305,80,14,3,4,0
202,96543,LOSS,-32.80,163.4,120,88,23,9,183,52,14,1,2,3
203,97059,WIN,34.80,246.6,252,145,67,40,394,66,9,3,4,0
204,97518,WIN,15.20,215.2,227,147,45,35,340,35,4,2,3,1
205,98020,WIN,34.60,239.8,265,163,66,36,349,54,8,3,3,0
206,98485,WIN,-0.80,229.8,223,136,51,36,366,46,11,1,3,2
207,98992,WIN,34.45,232.2,260,161,55,44,327,60,11,3,3,0
208,99403,LOSS,-33.20,180.7,146,100,33,13,207,42,8,2,2,3
209,99879,WIN,19.50,233.8,243,141,75,27,340,66,9,3,5,0
210,100334,LOSS,-44.55,213.3,180,105,52,23,290,49,8,2,5,3
211,100613,LOSS,-31.25,122.6,83,52,23,8,131,26,9,0,1,2
212,101135,WIN,34.65,243.3,264,168,62,34,345,57,6,3,4,0
213,101596,WIN,-20.90,218.1,218,137,53,28,337,37,6,2,3,3
214,102089,WIN,13.55,234.2,232,139,65,28,346,55,11,2,4,2
215,102623,WIN,31.45,255.2,268,161,75,32,385,65,8,3,4,0
216,103118,LOSS,-53.20,222.0,195,125,43,27,326,33,7,1,3,4
217,103571,WIN,21.55,221.1,227,147,55,25,291,69,10,3,4,1
218,104047,WIN,24.15,228.0,234,154,42,38,321,53,7,3,3,1
219,104519,WIN,34.00,229.3,256,152,60,44,331,66,9,3,4,0
220,104992,WIN,32.80,218.5,241,153,52,36,310,65,8,3,4,0
221,105468,WIN,-4.60,228.1,227,137,51,39,369,63,10,2,3,2
222,105982,WIN,-4.85,243.5,230,142,52,36,372,46,10,1,4,2
223,106345,LOSS,-20.65,158.9,138,91,24,23,224,27,6,1,1,2
224,106799,WIN,39.15,220.3,248,142,66,40,319,66,9,3,4,0
225,107277,WIN,-7.75,220.3,221,147,45,29,323,44,5,2,3,3
226,107739,WIN,29.65,220.9,245,149,68,28,324,48,6,3,5,0
227,108265,WIN,10.00,240.7,245,158,51,36,364,67,11,4,3,1
228,108718,WIN,28.45,222.5,255,153,73,29,323,63,9,3,4,0
229,109096,LOSS,-12.90,168.2,157,106,27,24,220,42,5,2,2,1
230,109561,WIN,18.05,227.3,230,130,62,38,347,49,8,2,5,1
